City_ID,City,Country,Date,Lat,Lng,Max Temp,Humidity,Cloudiness,Wind Speed
0,Avarua,CK,2021-05-29 22:12:17,-21.2078,-159.775,78.85,61,20,4.61
1,Carnarvon,AU,2021-05-29 22:12:18,-24.8667,113.6333,57.27,94,3,5.75
2,Te Anau,NZ,2021-05-29 22:12:18,-45.4167,167.7167,46.4,95,100,7.45
3,Jamestown,US,2021-05-29 22:07:36,42.097,-79.2353,53.19,84,90,5.99
4,Khatanga,RU,2021-05-29 22:12:18,71.9667,102.5,39.61,75,97,8.84
5,Katsuura,JP,2021-05-29 22:12:19,35.1333,140.3,72.1,79,99,5.26
6,Kapaa,US,2021-05-29 22:12:19,22.0752,-159.319,82.47,66,20,1.99
7,Qaanaaq,GL,2021-05-29 22:12:19,77.484,-69.3632,30.4,94,57,6.55
8,Puerto Ayora,EC,2021-05-29 22:12:20,-0.7393,-90.3518,82.36,85,48,10.0
9,Lata,PT,2021-05-29 22:12:20,40.1629,-8.3327,62.04,97,2,1.99
10,Rikitea,PF,2021-05-29 22:12:20,-23.1203,-134.9692,76.95,86,96,20.65
11,Souillac,MU,2021-05-29 22:12:21,-20.5167,57.5167,74.35,90,12,7.18
12,Tiksi,RU,2021-05-29 22:12:21,71.6872,128.8694,32.52,94,83,10.45
13,Kahului,US,2021-05-29 22:12:21,20.8947,-156.47,86.02,62,40,11.5
14,Petropavlovsk-Kamchatskiy,RU,2021-05-29 22:10:34,53.0452,158.6483,45.19,71,75,2.42
15,Thaba Nchu,ZA,2021-05-29 22:12:22,-29.2093,26.839,39.85,59,61,3.06
16,Punta Arenas,CL,2021-05-29 22:12:13,-53.15,-70.9167,35.71,55,40,19.08
17,Portland,US,2021-05-29 22:10:23,45.5234,-122.6762,82.85,37,20,4.0
18,Lompoc,US,2021-05-29 22:12:22,34.6391,-120.4579,71.02,68,75,19.57
19,Escanaba,US,2021-05-29 22:12:23,45.7453,-87.0646,69.67,49,1,6.91
20,Port-Gentil,GA,2021-05-29 22:12:23,-0.7193,8.7815,79.18,85,86,10.54
21,Ushuaia,AR,2021-05-29 22:09:18,-54.8,-68.3,28.06,93,75,21.85
22,Bredasdorp,ZA,2021-05-29 22:12:23,-34.5322,20.0403,53.28,90,36,2.66
23,Goose Creek,US,2021-05-29 22:12:24,32.981,-80.0326,84.42,70,40,5.99
24,Faanui,PF,2021-05-29 22:12:24,-16.4833,-151.75,79.95,68,21,7.25
25,Yar-Sale,RU,2021-05-29 22:12:24,66.8333,70.8333,42.85,73,60,8.68
26,Cape Town,ZA,2021-05-29 22:10:07,-33.9258,18.4232,57.11,89,14,1.57
27,Pemangkat,ID,2021-05-29 22:12:25,1.1667,108.9667,77.41,89,100,5.21
28,Lagoa,PT,2021-05-29 22:12:25,39.05,-27.9833,63.19,80,50,7.11
29,Barrow,US,2021-05-29 22:12:26,71.2906,-156.7887,28.42,86,90,11.5
30,Gwadar,PK,2021-05-29 22:12:26,25.1216,62.3254,83.89,82,14,10.63
31,Albany,US,2021-05-29 22:07:33,42.6001,-73.9662,52.84,71,100,3.51
32,Santana,BR,2021-05-29 22:12:26,-0.0583,-51.1817,84.38,84,40,4.74
33,Bambous Virieux,MU,2021-05-29 22:12:27,-20.3428,57.7575,74.21,82,40,5.82
34,Iralaya,HN,2021-05-29 22:12:27,15.0,-83.2333,87.89,69,9,9.1
35,Mareeba,AU,2021-05-29 22:12:27,-17.0,145.4333,65.44,83,52,2.48
36,Atuona,PF,2021-05-29 22:12:28,-9.8,-139.0333,78.94,72,13,9.17
37,Dingle,PH,2021-05-29 22:12:28,10.9995,122.6711,78.58,89,96,2.17
38,Castro,BR,2021-05-29 22:12:28,-24.7911,-50.0119,67.55,69,57,4.92
39,Vila Franca Do Campo,PT,2021-05-29 22:12:29,37.7167,-25.4333,64.81,85,52,6.11
40,Coffs Harbour,AU,2021-05-29 22:12:29,-30.3,153.1333,58.96,67,40,17.27
41,Umm Lajj,SA,2021-05-29 22:12:29,25.0213,37.2685,84.33,64,100,17.34
42,Lebu,CL,2021-05-29 22:10:11,-37.6167,-73.65,50.16,74,58,7.78
43,Jacareacanga,BR,2021-05-29 22:12:30,-6.2222,-57.7528,81.63,61,39,1.39
44,Egvekinot,RU,2021-05-29 22:12:30,66.3167,-179.1667,39.54,47,66,4.14
45,Butaritari,KI,2021-05-29 22:12:31,3.0707,172.7902,82.49,79,100,14.74
46,Mataura,NZ,2021-05-29 22:12:31,-46.1927,168.8643,49.48,95,100,3.8
47,Port Alfred,ZA,2021-05-29 22:12:31,-33.5906,26.891,59.56,76,96,14.25
48,Kaeo,NZ,2021-05-29 22:12:32,-35.1,173.7833,55.33,94,86,8.16
49,Naze,JP,2021-05-29 22:12:32,28.3667,129.4833,65.32,90,100,6.64
50,Yellowknife,CA,2021-05-29 22:10:10,62.456,-114.3525,54.32,34,99,1.99
51,Sola,VU,2021-05-29 22:12:33,-13.8833,167.55,78.06,74,100,13.78
52,Tasiilaq,GL,2021-05-29 22:12:33,65.6145,-37.6368,37.56,93,100,12.73
53,Manjacaze,MZ,2021-05-29 22:09:17,-24.7117,33.8828,62.94,93,0,2.62
54,Mahebourg,MU,2021-05-29 22:12:33,-20.4081,57.7,74.25,83,27,6.11
55,Hobart,AU,2021-05-29 22:08:42,-42.8794,147.3294,47.26,79,75,1.99
56,Manono,CD,2021-05-29 22:12:34,-7.3,27.4167,66.51,42,63,3.67
57,Saldanha,ZA,2021-05-29 22:12:34,-33.0117,17.9442,58.35,84,9,6.73
58,Anadyr,RU,2021-05-29 22:12:34,64.75,177.4833,48.7,40,0,2.26
59,Amahai,ID,2021-05-29 22:12:35,-3.3333,128.9167,77.67,87,100,2.1
60,Ambunti,PG,2021-05-29 22:12:35,-4.2365,142.8448,76.41,97,97,0.89
61,Yulara,AU,2021-05-29 22:12:35,-25.2406,130.9889,44.44,70,99,5.75
62,Viedma,AR,2021-05-29 22:12:36,-40.8135,-62.9967,47.25,44,12,14.99
63,Malanje,AO,2021-05-29 22:12:36,-9.5402,16.341,62.64,54,28,2.57
64,Hasaki,JP,2021-05-29 22:12:37,35.7333,140.8333,68.4,82,99,11.05
65,Vaini,TO,2021-05-29 22:12:37,-21.2,-175.2,77.16,88,75,2.3
66,San Patricio,US,2021-05-29 22:12:37,28.017,-97.5169,84.87,68,56,8.97
67,Tres Picos,MX,2021-05-29 22:12:38,15.8667,-93.5333,85.3,68,96,5.84
68,Ribeira Grande,PT,2021-05-29 22:12:38,38.5167,-28.7,64.22,80,44,6.85
69,Galle,LK,2021-05-29 22:12:38,6.0367,80.217,80.31,84,57,16.64
70,Arona,ES,2021-05-29 22:12:39,28.0996,-16.681,63.12,68,20,4.23
71,Rio Grande,BR,2021-05-29 22:12:39,-32.035,-52.0986,52.95,61,5,19.53
72,Chokurdakh,RU,2021-05-29 22:12:39,70.6333,147.9167,56.26,37,6,13.42
73,Saint-Pierre,RE,2021-05-29 22:12:40,-21.3393,55.4781,69.44,64,0,6.91
74,Finschhafen,PG,2021-05-29 22:12:40,-6.6024,147.8681,80.11,81,92,7.94
75,Port Elizabeth,ZA,2021-05-29 22:12:40,-33.918,25.5701,55.09,85,75,6.44
76,Praia Da Vitoria,PT,2021-05-29 22:12:41,38.7333,-27.0667,64.76,80,55,9.06
77,Nanortalik,GL,2021-05-29 22:12:41,60.1432,-45.2371,36.82,87,100,5.99
78,New Norfolk,AU,2021-05-29 22:12:41,-42.7826,147.0587,46.92,76,31,3.42
79,Luanda,AO,2021-05-29 22:09:49,-8.8368,13.2343,75.2,94,20,3.44
80,Luderitz,NA,2021-05-29 22:12:42,-26.6481,15.1594,60.01,66,32,14.43
81,Cidreira,BR,2021-05-29 22:12:42,-30.1811,-50.2056,59.72,73,0,11.39
82,Katima Mulilo,NA,2021-05-29 22:12:42,-17.5,24.2667,57.16,32,0,1.5
83,Copiapo,CL,2021-05-29 22:12:43,-27.3667,-70.3333,53.29,47,0,3.94
84,Oyama,JP,2021-05-29 22:12:43,36.3,139.8,72.82,59,80,3.29
85,Busselton,AU,2021-05-29 22:08:19,-33.65,115.3333,53.1,86,97,20.38
86,Port Lincoln,AU,2021-05-29 22:12:44,-34.7333,135.8667,53.31,71,2,11.5
87,Baturaja,ID,2021-05-29 22:12:44,-4.1333,104.1667,73.09,99,99,2.13
88,Rawson,AR,2021-05-29 22:12:45,-43.3002,-65.1023,45.03,41,8,11.56
89,Nishihara,JP,2021-05-29 22:12:45,26.1842,127.7558,69.08,94,75,17.98
90,Severo-Kurilsk,RU,2021-05-29 22:12:45,50.6789,156.125,41.43,89,100,9.42
91,Yaan,NG,2021-05-29 22:12:46,7.3833,8.5667,80.82,72,58,6.91
92,Sao Sebastiao Do Paraiso,BR,2021-05-29 22:12:46,-20.9169,-46.9914,67.82,61,100,1.79
93,Vostok,RU,2021-05-29 22:12:46,46.4856,135.8833,44.44,86,100,2.21
94,Thompson,CA,2021-05-29 22:08:01,55.7435,-97.8558,50.31,83,100,10.54
95,Hermanus,ZA,2021-05-29 22:12:47,-34.4187,19.2345,56.89,82,56,5.91
96,Sisimiut,GL,2021-05-29 22:12:47,66.9395,-53.6735,46.58,46,41,13.09
97,High Level,CA,2021-05-29 22:12:48,58.5169,-117.136,69.57,23,100,9.75
98,Cockburn Town,TC,2021-05-29 22:12:48,21.4612,-71.1419,82.36,69,40,11.5
99,Upernavik,GL,2021-05-29 22:12:48,72.7868,-56.1549,31.41,93,100,16.69
100,Tuatapere,NZ,2021-05-29 22:12:48,-46.1333,167.6833,49.82,92,100,8.93
101,Hilo,US,2021-05-29 22:12:49,19.7297,-155.09,82.13,73,20,14.97
102,Mahina,PF,2021-05-29 22:12:49,-17.5065,-149.489,83.97,70,20,14.61
103,Cumanayagua,CU,2021-05-29 22:12:49,22.1494,-80.2022,83.95,54,59,4.74
104,Najran,SA,2021-05-29 22:12:50,17.4924,44.1277,79.79,18,18,4.05
105,Nikolskoye,RU,2021-05-29 22:12:50,59.7035,30.7861,48.09,78,3,4.38
106,Mehamn,NO,2021-05-29 22:12:50,71.0357,27.8492,40.93,93,100,21.41
107,Kodiak,US,2021-05-29 22:09:10,57.79,-152.4072,47.71,87,90,9.22
108,Narsaq,GL,2021-05-29 22:12:51,60.9167,-46.05,43.02,85,100,4.94
109,Manaure,CO,2021-05-29 22:12:51,11.7751,-72.4445,87.13,56,97,12.44
110,Ziro,IN,2021-05-29 22:12:52,27.6333,93.8333,55.63,97,43,0.72
111,Cabo San Lucas,MX,2021-05-29 22:12:52,22.8909,-109.9124,102.51,20,1,12.66
112,Fraserburgh,GB,2021-05-29 22:12:52,57.6874,-2.0184,54.12,84,17,8.52
113,Fortuna,US,2021-05-29 22:12:53,40.5982,-124.1573,80.19,84,40,13.8
114,Carballo,ES,2021-05-29 22:12:53,43.213,-8.691,60.01,90,100,7.99
115,Touros,BR,2021-05-29 22:12:53,-5.1989,-35.4608,79.7,79,7,13.8
116,Neiafu,TO,2021-05-29 22:12:54,-18.65,-173.9833,81.28,89,75,2.3
117,Santa Cruz,BO,2021-05-29 22:10:57,-17.8,-63.1667,79.29,55,100,7.0
118,Mar Del Plata,AR,2021-05-29 22:08:30,-38.0023,-57.5575,47.08,60,40,14.0
119,Airai,TL,2021-05-29 22:12:54,-8.9266,125.4092,54.93,89,46,1.97
120,Shitanjing,CN,2021-05-29 22:12:55,39.2342,106.3439,63.7,31,62,3.2
121,Olinda,BR,2021-05-29 22:12:16,-8.0089,-34.8553,76.73,73,40,11.48
122,Ayolas,PY,2021-05-29 22:12:55,-27.4,-56.9,58.42,64,11,6.33
123,Cayenne,GF,2021-05-29 22:12:56,4.9333,-52.3333,80.64,87,40,1.99
124,Solok,ID,2021-05-29 22:12:56,-0.7918,100.6593,70.18,84,93,1.99
125,Pevek,RU,2021-05-29 22:12:15,69.7008,170.3133,42.31,55,0,11.14
126,Snina,SK,2021-05-29 22:12:56,48.9886,22.151,50.11,85,100,3.33
127,Acapulco,MX,2021-05-29 22:12:50,16.8634,-99.8901,89.42,62,90,9.22
128,Saint-Philippe,RE,2021-05-29 22:12:57,-21.3585,55.7679,69.35,81,16,5.14
129,Saint Anthony,US,2021-05-29 22:12:57,45.0205,-93.218,67.08,37,1,3.0
130,Pisco,PE,2021-05-29 22:10:56,-13.7,-76.2167,65.01,94,90,5.75
131,Zlitan,LY,2021-05-29 22:12:58,32.4674,14.5687,69.67,81,86,7.38
132,Rincon,US,2021-05-29 22:12:58,32.296,-81.2354,89.78,49,40,4.12
133,Lavrentiya,RU,2021-05-29 22:12:59,65.5833,-171.0,33.71,82,6,7.65
134,Ambo,PE,2021-05-29 22:12:59,-10.1308,-76.2047,69.21,71,29,8.41
135,Roald,NO,2021-05-29 22:12:59,62.5833,6.1333,59.16,87,5,3.44
136,Saskylakh,RU,2021-05-29 22:13:00,71.9167,114.0833,33.53,90,81,8.61
137,Kannur,IN,2021-05-29 22:13:00,11.8675,75.3576,77.85,87,100,1.43
138,Victoria,HK,2021-05-29 22:09:50,22.2855,114.1577,85.96,89,96,1.01
139,Bluff,NZ,2021-05-29 22:13:00,-46.6,168.3333,49.8,89,100,22.46
140,Brigantine,US,2021-05-29 22:13:01,39.4101,-74.3646,53.02,91,90,26.22
141,Karad,IN,2021-05-29 22:13:01,17.2833,74.2,76.59,81,100,2.91
142,Port Moresby,PG,2021-05-29 22:13:01,-9.4431,147.1797,75.74,78,96,8.5
143,Richards Bay,ZA,2021-05-29 22:13:02,-28.783,32.0377,63.7,86,10,4.79
144,Coquimbo,CL,2021-05-29 22:13:02,-29.9533,-71.3436,58.73,82,0,7.45
145,Namatanai,PG,2021-05-29 22:13:02,-3.6667,152.4333,81.09,80,97,6.49
146,Bardiyah,LY,2021-05-29 22:13:03,31.7561,25.0865,71.67,64,21,10.27
147,Bethel,US,2021-05-29 22:11:39,41.3712,-73.414,49.35,86,100,4.0
148,Launceston,AU,2021-05-29 22:13:03,-41.45,147.1667,32.14,97,20,2.44
149,Verkhoyansk,RU,2021-05-29 22:13:04,67.5447,133.385,49.75,50,76,10.27
150,Lincoln,US,2021-05-29 22:12:51,40.8,-96.667,67.33,60,1,1.99
151,Providencia,MX,2021-05-29 22:13:04,28.7167,-111.5833,99.86,38,10,11.99
152,Prunisor,RO,2021-05-29 22:13:04,44.6094,22.9153,54.36,72,97,7.72
153,Saint-Augustin,CA,2021-05-29 22:13:05,51.226,-58.6502,55.0,43,87,13.35
154,Sidi Ali,DZ,2021-05-29 22:13:05,36.0998,0.4206,66.78,64,38,4.83
155,Kruisfontein,ZA,2021-05-29 22:13:05,-34.0033,24.7314,52.88,89,49,11.1
156,Los Llanos De Aridane,ES,2021-05-29 22:13:06,28.6585,-17.9182,65.95,91,0,11.95
157,Chuy,UY,2021-05-29 22:13:06,-33.6971,-53.4616,48.51,60,29,12.48
158,Fukue,JP,2021-05-29 22:13:06,32.6881,128.8419,67.68,68,78,3.29
159,Norman Wells,CA,2021-05-29 22:13:07,65.282,-126.8329,38.48,77,100,7.72
160,Aswan,EG,2021-05-29 22:13:07,24.0934,32.907,89.73,22,98,18.45
161,Mabaruma,GY,2021-05-29 22:13:07,8.2,-59.7833,74.8,97,98,3.74
162,Cubara,CO,2021-05-29 22:13:08,7.0008,-72.1085,77.32,93,88,0.63
163,Tahta,EG,2021-05-29 22:13:08,26.7693,31.5021,83.84,25,26,5.91
164,Mahajanga,MG,2021-05-29 22:13:08,-15.7167,46.3167,73.42,83,20,0.0
165,Esperance,AU,2021-05-29 22:13:09,-33.8667,121.9,62.85,86,93,14.61
166,Georgetown,MY,2021-05-29 22:11:24,5.4112,100.3354,82.33,85,20,4.97
167,Kununurra,AU,2021-05-29 22:13:09,-15.7667,128.7333,55.38,82,100,3.44
168,Cantagalo,BR,2021-05-29 22:10:07,-21.9811,-42.3681,72.09,76,25,2.8
169,Cisarua,ID,2021-05-29 22:13:10,-6.6527,106.471,66.78,92,100,2.08
170,Poum,NC,2021-05-29 22:13:10,-20.2333,164.0167,71.47,58,68,17.52
171,Seoul,KR,2021-05-29 22:08:41,37.5683,126.9778,56.59,88,0,2.98
172,Shenjiamen,CN,2021-05-29 22:13:10,29.9576,122.298,67.48,94,100,9.91
173,Palmer,US,2021-05-29 22:13:11,42.1584,-72.3287,48.81,78,100,1.01
174,Nabire,ID,2021-05-29 22:13:11,-3.3667,135.4833,77.47,92,100,2.84
175,Marquette,US,2021-05-29 22:13:11,46.5333,-87.6335,67.77,46,4,5.32
176,Abu Dhabi,AE,2021-05-29 22:13:12,24.4667,54.3667,87.82,66,0,6.22
177,Vestmannaeyjar,IS,2021-05-29 22:13:12,63.4427,-20.2734,45.45,87,100,36.08
178,Yeppoon,AU,2021-05-29 22:13:12,-23.1333,150.7333,64.18,66,85,12.91
179,Sulangan,PH,2021-05-29 22:13:13,11.1373,123.7228,83.64,75,75,6.22
180,Road Town,VG,2021-05-29 22:09:48,18.4167,-64.6167,82.49,78,40,6.91
181,Vanimo,PG,2021-05-29 22:13:13,-2.6741,141.3028,79.2,88,100,3.71
182,Baykit,RU,2021-05-29 22:13:13,61.67,96.37,36.7,95,100,6.58
183,Bilma,NE,2021-05-29 22:13:14,18.6853,12.9164,91.17,8,37,6.38
184,Rocha,UY,2021-05-29 22:13:14,-34.4833,-54.3333,45.99,64,6,11.01
185,Tuktoyaktuk,CA,2021-05-29 22:13:14,69.4541,-133.0374,32.32,75,74,6.42
186,Cape Canaveral,US,2021-05-29 22:10:19,28.4058,-80.6048,91.65,70,1,18.41
187,Bonthe,SL,2021-05-29 22:13:15,7.5264,-12.505,81.79,82,10,6.17
188,Bolu,TR,2021-05-29 22:13:15,40.6667,31.5833,51.55,97,81,2.73
189,Arraial Do Cabo,BR,2021-05-29 22:10:30,-22.9661,-42.0278,75.09,83,74,13.62
190,Mangrol,IN,2021-05-29 22:09:09,21.1167,70.1167,82.47,81,94,11.14
191,Sargur,IN,2021-05-29 22:13:16,11.9833,76.4167,68.86,94,89,6.24
192,Ornskoldsvik,SE,2021-05-29 22:13:16,63.2909,18.7153,44.42,93,28,3.42
193,Alice Springs,AU,2021-05-29 22:12:21,-23.7,133.8833,36.95,75,4,5.53
194,Deputatskiy,RU,2021-05-29 22:13:17,69.3,139.9,47.95,47,27,19.64
195,Kaitangata,NZ,2021-05-29 22:13:17,-46.2817,169.8464,49.55,94,100,10.58
196,Ribas Do Rio Pardo,BR,2021-05-29 22:13:17,-20.4431,-53.7592,77.72,43,81,5.59
197,Anori,BR,2021-05-29 22:13:18,-3.7728,-61.6442,79.61,82,63,2.77
198,Bengkulu,ID,2021-05-29 22:13:18,-3.8004,102.2655,75.33,86,96,4.05
199,Dikson,RU,2021-05-29 22:13:18,73.5069,80.5464,16.59,98,48,4.9
200,East London,ZA,2021-05-29 22:13:19,-33.0153,27.9116,59.74,81,57,16.24
201,Provideniya,RU,2021-05-29 22:13:19,64.3833,-173.3,45.97,45,4,10.38
202,Tukrah,LY,2021-05-29 22:13:20,32.5341,20.5791,70.32,74,31,20.54
203,Krasnoarmeyskoye,RU,2021-05-29 22:13:20,52.7182,50.0322,61.34,93,93,3.62
204,Hamilton,US,2021-05-29 22:10:02,39.1834,-84.5333,58.59,74,90,1.01
205,Marsabit,KE,2021-05-29 22:13:21,2.3284,37.9899,66.65,63,58,22.39
206,Juneau,US,2021-05-29 22:13:21,58.3019,-134.4197,53.65,83,90,4.0
207,Manavalakurichi,IN,2021-05-29 22:13:21,8.1333,77.3,80.69,85,81,15.39
208,Mathbaria,BD,2021-05-29 22:13:22,22.2876,89.9593,81.79,85,9,5.79
209,Pangnirtung,CA,2021-05-29 22:13:22,66.1451,-65.7125,31.03,87,17,4.45
210,Donskoye,RU,2021-05-29 22:11:22,45.4552,41.9741,62.91,90,100,12.86
211,Ostrovnoy,RU,2021-05-29 22:13:22,68.0531,39.5131,35.02,80,100,14.67
212,Cedar City,US,2021-05-29 22:13:23,37.6775,-113.0619,81.39,10,1,8.05
213,Hithadhoo,MV,2021-05-29 22:13:23,-0.6,73.0833,83.48,72,34,18.7
214,Broome,US,2021-05-29 22:13:23,42.2506,-75.833,52.38,81,90,1.01
215,Saint-Michel-Des-Saints,CA,2021-05-29 22:13:24,46.6834,-73.9159,55.94,28,0,6.51
216,Beringovskiy,RU,2021-05-29 22:13:24,63.05,179.3167,33.37,81,7,10.51
217,Khakhea,BW,2021-05-29 22:13:24,-24.6895,23.494,52.5,40,5,6.55
218,Manthani,IN,2021-05-29 22:09:09,18.65,79.6667,90.73,46,27,8.43
219,Cherskiy,RU,2021-05-29 22:13:25,68.75,161.3,55.58,37,16,13.6
220,Ratchaburi,TH,2021-05-29 22:13:25,13.5833,99.5333,81.91,85,96,2.77
221,Maldonado,UY,2021-05-29 22:13:26,-34.6667,-54.9167,51.19,62,6,11.48
222,Bonnyville,CA,2021-05-29 22:09:53,54.2668,-110.735,61.27,50,53,11.92
223,Mount Gambier,AU,2021-05-29 22:08:50,-37.8333,140.7667,31.91,93,75,3.44
224,Turayf,SA,2021-05-29 22:13:26,31.6725,38.6637,72.05,35,0,8.79
225,Puracic,BA,2021-05-29 22:13:27,44.5469,18.4767,54.09,96,99,5.37
226,Haines Junction,CA,2021-05-29 22:13:27,60.7522,-137.5108,50.36,59,97,12.01
227,Belaya Gora,RU,2021-05-29 22:13:28,68.5333,146.4167,55.99,39,0,18.32
228,Constitucion,CL,2021-05-29 22:13:28,-35.3333,-72.4167,54.03,75,98,10.27
229,Amga,RU,2021-05-29 22:13:28,60.8953,131.9608,56.25,77,97,7.27
230,Salinas,US,2021-05-29 22:13:04,36.6777,-121.6555,80.47,69,90,13.8
231,Chernaya Kholunitsa,RU,2021-05-29 22:13:29,58.8511,51.7154,52.21,92,77,10.54
232,Zirandaro,MX,2021-05-29 22:13:29,18.45,-100.9833,106.99,20,13,3.18
233,Hongjiang,CN,2021-05-29 22:13:29,27.11,109.9956,64.36,98,89,2.55
234,Dinan,FR,2021-05-29 22:13:30,48.4167,-2.25,61.81,73,100,3.24
235,Cabimas,VE,2021-05-29 22:13:30,10.3883,-71.4399,82.22,76,100,5.06
236,Fallon,US,2021-05-29 22:13:30,39.4735,-118.7774,85.87,9,75,13.8
237,Marand,IR,2021-05-29 22:13:31,38.4329,45.7749,64.74,36,21,4.79
238,Sur,OM,2021-05-29 22:13:31,22.5667,59.5289,86.72,54,36,11.65
239,Bihac,BA,2021-05-29 22:11:05,44.8169,15.8708,51.26,97,100,3.74
240,Georgiyevskoye,RU,2021-05-29 22:13:32,58.731,45.024,43.84,80,100,11.52
241,College,US,2021-05-29 22:13:32,64.8569,-147.8028,53.55,42,75,10.36
242,Wakefield,GB,2021-05-29 22:13:32,53.6809,-1.499,59.5,47,35,4.03
243,Mount Isa,AU,2021-05-29 22:13:33,-20.7333,139.5,55.17,41,0,1.14
244,Varzelandia,BR,2021-05-29 22:13:33,-15.7014,-44.0275,73.51,48,100,1.43
245,Dolinsk,RU,2021-05-29 22:13:34,47.35,142.8,40.86,97,100,11.27
246,Geraldton,AU,2021-05-29 22:13:34,-28.7667,114.6,63.01,67,77,16.22
247,Kavaratti,IN,2021-05-29 22:13:34,10.5669,72.642,83.16,75,91,15.9
248,Long Beach,US,2021-05-29 22:13:35,33.767,-118.1892,82.98,70,1,5.99
249,Caravelas,BR,2021-05-29 22:13:35,-17.7125,-39.2481,75.36,85,65,6.67
250,Auki,SB,2021-05-29 22:13:35,-8.7676,160.7034,79.03,84,100,1.52
251,Arlit,NE,2021-05-29 22:13:36,18.7369,7.3853,94.17,6,24,10.74
252,Sinnamary,GF,2021-05-29 22:13:36,5.3833,-52.95,78.4,87,80,10.16
253,Tarata,BO,2021-05-29 22:13:36,-17.6167,-66.0167,59.59,58,98,8.12
254,Erdenet,MN,2021-05-29 22:13:37,49.0333,104.0833,35.89,98,100,3.4
255,Longyearbyen,SJ,2021-05-29 22:13:37,78.2186,15.6401,33.64,69,75,6.91
256,Makakilo City,US,2021-05-29 22:11:04,21.3469,-158.0858,82.15,57,1,12.66
257,Sorland,NO,2021-05-29 22:13:37,67.667,12.6934,44.02,76,100,7.81
258,Huarmey,PE,2021-05-29 22:13:38,-10.0681,-78.1522,67.23,84,55,7.81
259,Sao Filipe,CV,2021-05-29 22:13:38,14.8961,-24.4956,74.53,75,8,15.19
260,Kavieng,PG,2021-05-29 22:13:38,-2.5744,150.7967,82.74,80,89,16.69
261,Laguna,US,2021-05-29 22:13:39,38.421,-121.4238,92.1,37,1,5.01
262,Marshfield,US,2021-05-29 22:13:39,44.6689,-90.1718,67.73,31,1,4.61
263,Port Hardy,CA,2021-05-29 22:13:40,50.6996,-127.4199,56.41,62,99,3.96
264,Krasnoborsk,RU,2021-05-29 22:13:40,61.5598,45.934,34.99,77,17,6.06
265,Cochrane,CA,2021-05-29 22:13:40,51.1834,-114.4687,66.85,28,21,9.51
266,Nuuk,GL,2021-05-29 22:13:41,64.1835,-51.7216,41.61,81,1,16.11
267,San Quintin,MX,2021-05-29 22:13:41,30.4833,-115.95,64.69,66,2,22.64
268,Batagay,RU,2021-05-29 22:13:41,67.6333,134.6333,52.41,47,71,5.26
269,Nevelsk,RU,2021-05-29 22:13:42,46.6733,141.8633,39.63,91,100,8.25
270,Bubaque,GW,2021-05-29 22:13:42,11.2833,-15.8333,79.03,68,6,18.59
271,Port-Cartier,CA,2021-05-29 22:13:42,50.0334,-66.8654,48.74,49,10,7.38
272,Kentau,KZ,2021-05-29 22:13:43,43.5206,68.5094,77.09,27,82,6.44
273,Adrar,MR,2021-05-29 22:13:43,20.5022,-10.0711,94.69,11,88,10.74
274,Akdepe,TM,2021-05-29 22:13:43,42.0551,59.3788,82.4,19,1,13.51
275,Kolvereid,NO,2021-05-29 22:13:43,64.8655,11.6047,44.85,86,16,4.83
276,Arvika,SE,2021-05-29 22:13:44,59.6553,12.5852,57.9,66,90,2.46
277,Paris,FR,2021-05-29 22:09:03,48.8534,2.3488,64.9,55,0,7.36
278,San Andres,CO,2021-05-29 22:13:44,12.5847,-81.7006,86.02,70,20,12.66
279,Naryan-Mar,RU,2021-05-29 22:13:45,67.6713,53.087,31.84,82,89,12.75
280,Neuquen,AR,2021-05-29 22:13:45,-38.9516,-68.0591,50.2,48,93,17.49
281,Bantry,IE,2021-05-29 22:13:45,51.6833,-9.45,51.28,91,9,1.59
282,Margate,GB,2021-05-29 22:13:46,51.3813,1.3862,52.75,80,1,3.0
283,Bereznik,RU,2021-05-29 22:13:46,62.8551,42.7072,34.14,81,8,7.43
284,Iberia,US,2021-05-29 22:10:59,29.9502,-91.7507,77.0,78,1,4.9
285,Bozoum,CF,2021-05-29 22:13:47,6.3193,16.3799,72.19,87,69,4.76
286,Bollnas,SE,2021-05-29 22:13:47,61.3482,16.3946,41.4,68,5,3.27
287,Solnechnyy,RU,2021-05-29 22:13:47,50.7214,136.6319,48.29,78,100,2.1
288,Codrington,AU,2021-05-29 22:13:48,-38.2667,141.9667,39.65,95,7,7.0
289,Marienburg,PL,2021-05-29 22:10:35,54.0359,19.0266,48.87,94,5,7.07
290,Bayan,CN,2021-05-29 22:13:48,46.0833,127.4,58.39,62,24,6.15
291,Ketchikan,US,2021-05-29 22:13:48,55.3422,-131.6461,55.38,60,100,6.33
292,Guerrero Negro,MX,2021-05-29 22:13:49,27.9769,-114.0611,67.1,63,68,21.59
293,Kidal,ML,2021-05-29 22:13:49,18.4411,1.4078,93.85,6,98,8.14
294,Marawi,PH,2021-05-29 22:13:49,7.9986,124.2928,69.66,94,100,1.1
295,Prata,BR,2021-05-29 22:12:26,-19.3072,-48.9242,77.0,44,53,1.9
296,Komsomolskiy,UZ,2021-05-29 22:13:50,40.4272,71.7189,75.92,33,64,2.3
297,Kieta,PG,2021-05-29 22:13:50,-6.2167,155.6333,77.56,88,95,1.68
298,Tual,ID,2021-05-29 22:13:50,-5.6667,132.75,80.73,81,87,20.0
299,Acatlan,MX,2021-05-29 22:13:51,20.15,-98.45,74.66,43,64,12.24
300,Lieksa,FI,2021-05-29 22:13:51,63.3167,30.0167,38.05,65,9,4.5
301,Pincher Creek,CA,2021-05-29 22:13:52,49.4833,-113.952,62.28,28,13,4.47
302,High Rock,BS,2021-05-29 22:13:52,26.6208,-78.2833,84.22,68,0,10.74
303,Pitimbu,BR,2021-05-29 22:13:52,-7.4706,-34.8086,77.59,78,2,11.63
304,Ancud,CL,2021-05-29 22:13:53,-41.8697,-73.8203,49.23,80,97,5.77
305,Shingu,JP,2021-05-29 22:13:53,33.7333,135.9833,63.91,62,84,2.48
306,Kibre Mengist,ET,2021-05-29 22:13:53,5.8833,38.9833,59.38,95,87,0.87
307,Igarka,RU,2021-05-29 22:13:54,67.4667,86.5833,21.79,91,7,2.19
308,Aykhal,RU,2021-05-29 22:13:54,66.0,111.5,53.35,57,30,6.04
309,Torbay,CA,2021-05-29 22:13:54,47.6666,-52.7314,47.28,80,100,1.99
310,Clyde River,CA,2021-05-29 22:13:55,70.4692,-68.5914,31.42,85,75,4.03
311,Peniche,PT,2021-05-29 22:13:55,39.3558,-9.3811,61.29,85,11,16.46
312,Grand-Lahou,CI,2021-05-29 22:13:55,5.1367,-5.0242,81.46,83,67,8.84
313,Iwanai,JP,2021-05-29 22:13:55,42.9744,140.5089,51.17,97,100,6.71
314,Jiaojiang,CN,2021-05-29 22:13:56,28.6803,121.4428,70.0,94,100,2.13
315,Upata,VE,2021-05-29 22:13:56,8.0086,-62.3989,75.99,84,46,4.76
316,Eyl,SO,2021-05-29 22:13:56,7.9803,49.8164,79.2,79,51,18.86
317,Koslan,RU,2021-05-29 22:13:57,63.4564,48.8989,34.02,82,11,9.26
318,Kortkeros,RU,2021-05-29 22:13:57,61.8106,51.5806,41.0,84,100,8.08
319,Roma,US,2021-05-29 22:13:57,43.2128,-75.4557,62.46,58,1,13.8
320,Whitehorse,CA,2021-05-29 22:10:02,60.7161,-135.0538,57.02,43,100,18.99
321,Knysna,ZA,2021-05-29 22:13:58,-34.0363,23.0471,57.7,87,58,9.93
322,Mayo,US,2021-05-29 22:13:58,38.8876,-76.5119,53.94,93,90,11.99
323,San Rafael Del Sur,NI,2021-05-29 22:13:59,11.8485,-86.4384,90.91,47,67,0.94
324,Juegang,CN,2021-05-29 22:13:59,32.3174,121.1855,70.14,81,46,4.79
325,Hondo,JP,2021-05-29 22:13:59,32.45,130.2,66.88,71,97,5.41
326,Port Keats,AU,2021-05-29 22:14:00,-14.25,129.55,65.64,55,100,7.16
327,Vieste,IT,2021-05-29 22:14:00,41.8825,16.175,66.85,63,100,5.93
328,Saint George,US,2021-05-29 22:13:35,37.1041,-113.5841,94.42,10,1,4.0
329,Suntar,RU,2021-05-29 22:12:11,62.1444,117.6319,58.93,56,19,5.57
330,Hambantota,LK,2021-05-29 22:14:01,6.1241,81.1185,79.65,80,87,20.42
331,Yumen,CN,2021-05-29 22:14:01,40.2833,97.2,63.39,39,3,2.28
332,Grand Gaube,MU,2021-05-29 22:14:02,-20.0064,57.6608,74.37,90,23,3.0
333,Coihaique,CL,2021-05-29 22:14:02,-45.5752,-72.0662,41.61,75,75,4.61
334,Bang Saphan,TH,2021-05-29 22:14:02,11.2126,99.5117,76.21,92,100,3.06
335,Leningradskiy,RU,2021-05-29 22:14:03,69.3833,178.4167,35.51,94,53,6.67
336,Hobyo,SO,2021-05-29 22:14:03,5.3505,48.5268,78.58,82,85,21.09
337,Tomatlan,MX,2021-05-29 22:14:03,19.9333,-105.25,89.6,34,100,10.0
338,Bandar-E Lengeh,IR,2021-05-29 22:14:04,26.5579,54.8807,88.47,51,0,3.71
339,Zarubino,RU,2021-05-29 22:14:04,42.63,131.0922,52.02,89,73,3.2
340,Storforshei,NO,2021-05-29 22:14:04,66.4043,14.5233,45.66,93,82,1.1
341,Evensk,RU,2021-05-29 22:14:05,61.95,159.2333,43.41,70,100,2.21
342,Methoni,GR,2021-05-29 22:14:05,36.8197,21.7049,69.22,75,80,5.48
343,Vitim,RU,2021-05-29 22:14:05,59.4511,112.5578,43.29,73,100,6.42
344,Maragogi,BR,2021-05-29 22:14:06,-9.0122,-35.2225,76.12,78,17,7.49
345,Shirvan,AZ,2021-05-29 22:14:06,39.9509,48.8994,72.18,66,2,4.54
346,Morgan City,US,2021-05-29 22:14:06,29.6994,-91.2068,81.0,76,100,1.63
347,Beidao,CN,2021-05-29 22:14:07,34.5686,105.8933,61.74,81,86,3.4
348,Albufeira,PT,2021-05-29 22:14:07,37.0882,-8.2503,67.84,66,71,7.16
349,Rio Pardo De Minas,BR,2021-05-29 22:14:07,-15.6097,-42.5397,69.22,49,100,3.94
350,Pontianak,ID,2021-05-29 22:14:08,-0.0333,109.3333,73.38,100,90,3.22
351,Khromtau,KZ,2021-05-29 22:14:08,50.2503,58.4347,64.15,68,43,9.22
352,Aseri,EE,2021-05-29 22:14:08,59.4506,26.8675,44.44,65,8,7.61
353,Agirish,RU,2021-05-29 22:14:09,61.9247,63.0231,53.19,96,79,6.64
354,Baiyin,CN,2021-05-29 22:14:09,36.5583,104.2081,66.0,28,54,5.01
355,Linxia,CN,2021-05-29 22:14:09,35.6003,103.2064,55.24,47,14,4.81
356,Kholtoson,RU,2021-05-29 22:12:10,50.2981,103.3097,36.7,99,100,4.34
357,Tottori,JP,2021-05-29 22:11:15,35.5,134.2333,59.07,72,0,9.22
358,Omboue,GA,2021-05-29 22:14:10,-1.5746,9.2618,76.68,92,86,5.75
359,Tarancon,ES,2021-05-29 22:10:44,40.0085,-3.0073,70.9,54,52,6.53
360,Sitka,US,2021-05-29 22:14:11,57.0531,-135.33,57.09,51,75,16.11
361,Lavello,IT,2021-05-29 22:14:11,41.0456,15.7908,65.52,47,100,1.32
362,Lumeje,AO,2021-05-29 22:14:11,-11.55,20.7833,56.46,40,8,4.38
363,Muros,ES,2021-05-29 22:14:12,42.7762,-9.0603,61.09,77,100,11.59
364,Domoni,KM,2021-05-29 22:14:12,-12.2569,44.5319,77.05,82,57,6.44
365,Emerald,AU,2021-05-29 22:14:12,-23.5333,148.1667,55.35,52,85,12.19
366,Palana,RU,2021-05-29 22:14:13,59.1167,159.9667,37.24,76,82,5.17
367,Ahipara,NZ,2021-05-29 22:14:13,-35.1667,173.1667,56.64,76,91,11.3
368,Byron Bay,AU,2021-05-29 22:14:13,-28.65,153.6167,63.05,77,100,14.7
369,Orlik,RU,2021-05-29 22:14:14,52.5178,99.825,31.77,76,54,3.15
370,Daru,PG,2021-05-29 22:14:14,-9.0763,143.2092,78.03,70,96,11.36
371,Bonoua,CI,2021-05-29 22:14:14,5.2741,-3.595,83.82,88,67,4.88
372,Lakes Entrance,AU,2021-05-29 22:14:15,-37.8811,147.981,43.2,75,24,3.56
373,Pangkalanbuun,ID,2021-05-29 22:14:15,-2.6833,111.6167,72.25,98,53,0.85
374,Chicama,PE,2021-05-29 22:14:15,-7.8447,-79.1469,64.94,82,66,8.61
375,Sistranda,NO,2021-05-29 22:14:16,63.7256,8.834,49.96,86,5,8.81
376,Sao Gabriel Da Cachoeira,BR,2021-05-29 22:14:16,-0.1303,-67.0892,76.93,94,56,1.48
377,Ucluelet,CA,2021-05-29 22:14:16,48.9329,-125.5528,73.09,66,98,7.85
378,Morehead,US,2021-05-29 22:14:17,37.2711,-87.1764,56.91,77,90,1.99
379,Port Hedland,AU,2021-05-29 22:14:17,-20.3167,118.5667,69.85,60,75,4.61
380,Grinnell,US,2021-05-29 22:13:15,41.743,-92.7224,65.71,40,1,8.01
381,Tartagal,AR,2021-05-29 22:14:17,-22.5164,-63.8013,65.5,65,99,5.19
382,Ilulissat,GL,2021-05-29 22:14:18,69.2167,-51.1,55.42,26,39,14.97
383,Presidencia Roque Saenz Pena,AR,2021-05-29 22:14:18,-26.7852,-60.4388,64.9,42,19,6.29
384,Forbes,AU,2021-05-29 22:14:18,-33.3833,148.0167,41.92,71,0,5.88
385,Salalah,OM,2021-05-29 22:14:19,17.0151,54.0924,82.49,94,75,6.91
386,Anju,KP,2021-05-29 22:14:19,39.6178,125.6647,54.25,80,6,4.09
387,Sao Joao Da Barra,BR,2021-05-29 22:14:19,-21.6403,-41.0511,76.59,85,31,11.74
388,Shubarshi,KZ,2021-05-29 22:14:20,48.5872,57.1869,69.04,61,28,9.37
389,Buala,SB,2021-05-29 22:14:20,-8.145,159.5921,78.67,86,97,1.97
390,Goure,NE,2021-05-29 22:14:20,13.9835,10.2704,89.08,27,94,6.55
391,Kokopo,PG,2021-05-29 22:14:21,-4.352,152.2633,80.47,80,94,9.57
392,Vila Velha,BR,2021-05-29 22:14:21,-20.3297,-40.2925,78.94,84,0,10.0
393,Burnie,AU,2021-05-29 22:14:21,-41.0667,145.9167,42.93,80,32,3.78
394,Tucupita,VE,2021-05-29 22:14:22,9.0622,-62.051,76.53,94,35,4.09
395,Ponta Do Sol,PT,2021-05-29 22:14:22,32.6667,-17.1,69.71,75,39,6.42
396,Kurchum,KZ,2021-05-29 22:14:22,48.5722,83.6542,52.79,60,0,7.76
397,Jumla,NP,2021-05-29 22:14:23,29.2747,82.1838,57.74,87,100,2.46
398,Antalaha,MG,2021-05-29 22:14:23,-14.9003,50.2788,72.37,80,38,5.84
399,Porbandar,IN,2021-05-29 22:14:23,21.6422,69.6093,83.12,76,100,12.5
400,Hornepayne,CA,2021-05-29 22:14:24,49.2138,-84.7705,68.05,22,7,6.73
401,Nelson Bay,AU,2021-05-29 22:14:24,-32.7167,152.15,55.0,73,98,19.28
402,Cordoba,AR,2021-05-29 22:10:17,-31.4135,-64.1811,58.75,36,0,5.82
403,Baixa Grande,BR,2021-05-29 22:14:25,-11.9597,-40.1681,71.42,62,96,5.19
404,Porto Novo,BJ,2021-05-29 22:14:25,6.4965,2.6036,81.41,77,96,7.36
405,Karratha,AU,2021-05-29 22:14:25,-20.7377,116.8463,73.35,76,99,5.03
406,Qaqortoq,GL,2021-05-29 22:14:26,60.7167,-46.0333,43.3,86,100,4.52
407,Avera,US,2021-05-29 22:14:26,33.194,-82.5271,86.68,29,84,14.23
408,Yamada,JP,2021-05-29 22:14:26,39.4667,141.95,61.34,65,31,5.37
409,Iqaluit,CA,2021-05-29 22:14:27,63.7506,-68.5145,38.34,55,4,16.15
410,Timbiqui,CO,2021-05-29 22:14:27,2.7717,-77.6654,79.09,89,82,3.76
411,Contamana,PE,2021-05-29 22:14:27,-7.3333,-75.0167,86.92,56,55,2.82
412,Namuac,PH,2021-05-29 22:14:28,18.6109,121.1657,80.06,84,98,3.98
413,Maha Sarakham,TH,2021-05-29 22:14:28,16.3333,103.6667,83.17,81,97,7.56
414,Berdigestyakh,RU,2021-05-29 22:14:28,62.0989,126.6992,60.21,47,75,4.61
415,Tucson,US,2021-05-29 22:14:22,32.2217,-110.9265,100.31,6,1,4.0
416,Sechura,PE,2021-05-29 22:14:29,-5.5569,-80.8222,75.42,66,63,15.41
417,Gisborne,NZ,2021-05-29 22:13:10,-38.6533,178.0042,55.94,84,88,5.35
418,Filingue,NE,2021-05-29 22:14:29,14.3521,3.3168,93.65,9,98,7.05
419,Perth,AU,2021-05-29 22:11:09,-31.9333,115.8333,56.86,97,75,18.52
420,Ladario,BR,2021-05-29 22:12:08,-19.0047,-57.6017,82.76,40,100,2.66
421,Sorong,ID,2021-05-29 22:14:30,-0.8833,131.25,80.02,87,100,14.09
422,Ous,RU,2021-05-29 22:14:30,60.9058,61.5186,55.45,97,99,3.06
423,Port Shepstone,ZA,2021-05-29 22:14:30,-30.7414,30.455,63.12,76,9,7.87
424,Amazar,RU,2021-05-29 22:14:31,53.858,120.875,48.34,81,38,2.8
425,Ha Tinh,VN,2021-05-29 22:14:31,18.3333,105.9,82.98,70,99,6.08
426,San Juan,AR,2021-05-29 22:14:31,-31.5375,-68.5364,67.73,41,100,6.67
427,Rosarito,MX,2021-05-29 22:14:32,32.3333,-117.0333,72.59,68,38,9.69
428,Port Hueneme,US,2021-05-29 22:14:32,34.1478,-119.1951,82.2,67,20,17.27
429,Nemuro,JP,2021-05-29 22:14:32,43.3236,145.575,46.27,99,97,10.71
430,Stony Plain,CA,2021-05-29 22:14:33,53.5334,-114.0021,68.43,26,26,8.59
431,Isangel,VU,2021-05-29 22:14:33,-19.55,169.2667,77.11,69,20,2.46
432,Cannes,FR,2021-05-29 22:14:33,43.55,7.0167,64.4,87,0,2.3
433,Javanrud,IR,2021-05-29 22:14:34,34.7961,46.5172,61.74,24,0,3.96
434,Umm Kaddadah,SD,2021-05-29 22:14:34,13.6017,26.6876,90.82,12,26,14.45
435,Korla,CN,2021-05-29 22:14:34,41.7597,86.1469,72.61,39,83,21.0
436,Nome,US,2021-05-29 22:14:35,64.5011,-165.4064,53.67,26,1,20.71
437,Assiniboia,CA,2021-05-29 22:14:35,49.6334,-105.9845,61.88,37,100,15.1
438,Vegueta,PE,2021-05-29 22:14:35,-11.0231,-77.6431,65.88,85,61,8.3
439,Appleton,US,2021-05-29 22:12:59,44.2619,-88.4154,68.09,33,1,1.01
440,Matao,BR,2021-05-29 22:14:36,-21.6033,-48.3658,74.37,38,98,4.29
441,Rossland,CA,2021-05-29 22:14:36,49.0831,-117.8022,69.62,13,14,3.96
442,Colares,PT,2021-05-29 22:14:37,38.7992,-9.4469,62.1,72,2,14.0
443,Jalu,LY,2021-05-29 22:14:37,29.0331,21.5482,89.38,17,5,9.89
444,Sao Felix Do Xingu,BR,2021-05-29 22:14:37,-6.6447,-51.995,76.73,67,3,2.33
445,Hoquiam,US,2021-05-29 22:14:38,46.9809,-123.8893,79.05,55,1,16.11
446,Teya,RU,2021-05-29 22:14:38,60.3778,92.6267,34.39,86,98,4.7
447,Barghat,IN,2021-05-29 22:14:38,22.0333,79.7167,89.47,37,90,9.64
448,Bellary,IN,2021-05-29 22:14:39,15.15,76.9333,80.44,68,93,11.45
449,Troy,US,2021-05-29 22:11:26,42.6056,-83.1499,64.35,41,1,1.01
450,Coro,VE,2021-05-29 22:14:39,11.4045,-69.6734,81.43,69,100,20.24
451,Teknaf,BD,2021-05-29 22:14:39,20.8624,92.3058,80.28,86,75,1.92
452,Lebane,RS,2021-05-29 22:14:40,42.9239,21.7375,59.11,79,100,0.56
453,Talnakh,RU,2021-05-29 22:14:40,69.4865,88.3972,24.75,98,92,3.47
454,Chumikan,RU,2021-05-29 22:14:41,54.7183,135.315,36.97,90,100,10.31
455,Rehoboth,NA,2021-05-29 22:14:41,-23.3167,17.0833,58.14,31,16,1.86
456,Chifeng,CN,2021-05-29 22:14:41,42.2683,118.9636,60.35,47,100,11.63
457,Penha,BR,2021-05-29 22:11:52,-26.7694,-48.6458,69.67,78,90,9.35
458,Kenora,CA,2021-05-29 22:14:42,49.8167,-94.4337,62.78,42,100,13.0
459,Pangody,RU,2021-05-29 22:14:42,65.85,74.4859,52.93,93,100,17.25
460,Shumskiy,RU,2021-05-29 22:14:42,54.8318,99.1328,32.85,82,72,3.91
461,Chadiza,ZM,2021-05-29 22:14:43,-14.0678,32.4392,54.97,51,0,3.31
462,Gavle,SE,2021-05-29 22:14:43,60.6745,17.1417,41.95,65,6,3.76
463,Havoysund,NO,2021-05-29 22:14:44,70.9963,24.6622,40.08,89,100,26.24
464,Chiang Rai,TH,2021-05-29 22:14:44,19.9167,99.9167,75.18,100,20,2.3
465,Goba,ET,2021-05-29 22:14:44,7.0167,39.9833,48.36,79,93,4.99
466,Ndjole,GA,2021-05-29 22:14:45,-0.1783,10.7649,76.24,96,100,1.01
467,Hazorasp,UZ,2021-05-29 22:14:45,41.3194,61.0742,75.04,17,0,10.29
468,Inhambane,MZ,2021-05-29 22:14:45,-23.865,35.3833,65.46,87,0,7.09
469,Broken Hill,AU,2021-05-29 22:14:46,-31.95,141.4333,42.44,58,21,7.96
470,Vestmanna,FO,2021-05-29 22:14:46,62.1564,-7.1664,45.52,100,90,8.5
471,Port Blair,IN,2021-05-29 22:14:46,11.6667,92.75,80.92,83,100,5.17
472,Milkovo,RU,2021-05-29 22:14:47,54.7167,158.6167,42.69,89,100,1.41
473,Sinop,TR,2021-05-29 22:14:47,41.7711,34.8709,54.46,96,100,4.81
474,Dicabisagan,PH,2021-05-29 22:14:47,17.0818,122.4157,80.56,79,68,3.78
475,Key Largo,US,2021-05-29 22:14:48,25.0865,-80.4473,86.99,59,1,10.71
476,Mitsamiouli,KM,2021-05-29 22:14:48,-11.3847,43.2844,78.19,73,3,5.37
477,Bykovo,RU,2021-05-29 22:14:48,55.6361,38.0803,52.56,87,90,16.11
478,Basco,PH,2021-05-29 22:14:49,20.4487,121.9702,84.52,76,100,14.67
479,La Ronge,CA,2021-05-29 22:14:49,55.1001,-105.2842,43.02,81,90,21.85
480,Kudahuvadhoo,MV,2021-05-29 22:14:49,2.6708,72.8944,83.95,71,96,21.03
481,Ban Nahin,LA,2021-05-29 22:14:50,18.2418,104.2122,77.59,93,100,1.43
482,Sao Jose Da Coroa Grande,BR,2021-05-29 22:14:50,-8.8978,-35.1478,76.41,78,18,8.01
483,Fairbanks,US,2021-05-29 22:11:53,64.8378,-147.7164,55.09,42,75,10.36
484,Brae,GB,2021-05-29 22:14:51,60.3964,-1.353,44.51,88,2,2.59
485,Tahe,CN,2021-05-29 22:14:51,52.3333,124.7333,46.83,89,10,0.58
486,Ambanja,MG,2021-05-29 22:14:51,-13.6833,48.45,71.82,91,10,2.64
487,Diego De Almagro,CL,2021-05-29 22:14:52,-26.3667,-70.05,67.59,37,0,5.91
488,Hue,VN,2021-05-29 22:14:52,16.4667,107.6,82.51,89,20,4.27
489,Ternate,ID,2021-05-29 22:14:52,0.8,127.4,81.3,81,100,7.87
490,Bowen,AU,2021-05-29 22:14:53,-20.0167,148.2333,67.39,81,66,12.8
491,Okhotsk,RU,2021-05-29 22:14:53,59.3833,143.3,36.99,89,99,9.51
492,Chazuta,PE,2021-05-29 22:14:53,-6.5742,-76.1367,83.12,73,91,0.54
493,Bumba,CD,2021-05-29 22:14:54,2.1833,22.4667,73.29,91,100,2.3
494,Dalnerechensk,RU,2021-05-29 22:14:54,45.9339,133.7225,55.22,76,99,3.38
495,Guna,IN,2021-05-29 22:14:54,24.65,77.3167,88.05,38,100,6.06
496,Pizarro,CO,2021-05-29 22:14:55,4.9533,-77.366,80.11,80,48,7.4
497,Isabela,PH,2021-05-29 22:14:55,6.7085,121.9711,78.85,81,100,3.36
498,Kotaparh,IN,2021-05-29 22:14:55,19.15,82.35,81.79,53,73,10.58
499,Opuwo,NA,2021-05-29 22:14:56,-18.0607,13.84,61.75,29,1,5.75
500,Meulaboh,ID,2021-05-29 22:14:56,4.1363,96.1285,76.71,86,100,3.04
501,Lorengau,PG,2021-05-29 22:14:56,-2.0226,147.2712,81.79,83,64,12.53
502,Campoverde,PE,2021-05-29 22:14:57,-8.4753,-74.8058,87.49,65,85,2.04
503,Ishinomaki,JP,2021-05-29 22:14:57,38.4167,141.3,60.44,71,65,15.26
504,Dafeng,CN,2021-05-29 22:14:57,23.4517,108.5881,77.67,97,100,2.21
505,Jiujiang,CN,2021-05-29 22:14:58,29.7333,115.9833,69.87,89,78,2.71
506,Xiaoshi,CN,2021-05-29 22:14:58,41.2971,124.1209,55.42,72,81,2.39
507,Pacifica,US,2021-05-29 22:14:02,37.6138,-122.4869,77.63,82,75,1.99
508,Krasnoselkup,RU,2021-05-29 22:14:59,65.7,82.4667,37.87,56,12,11.63
509,Carndonagh,IE,2021-05-29 22:14:59,55.25,-7.2667,50.14,94,98,2.91
510,Tongliao,CN,2021-05-29 22:14:59,43.6125,122.2653,65.43,35,100,9.73
511,Gboko,NG,2021-05-29 22:15:00,7.3179,8.9951,80.92,73,36,10.2
512,Ponta Delgada,PT,2021-05-29 22:15:00,37.7333,-25.6667,65.12,82,75,8.05
513,Gimli,CA,2021-05-29 22:15:00,50.6336,-96.9907,74.43,50,35,13.42
514,Kapuskasing,CA,2021-05-29 22:15:01,49.4169,-82.4331,66.65,19,8,5.14
515,Manokwari,ID,2021-05-29 22:12:36,-0.8667,134.0833,80.51,78,99,3.94
516,Kondoa,TZ,2021-05-29 22:15:01,-4.9,35.7833,57.74,91,79,4.54
517,Khash,IR,2021-05-29 22:15:01,28.2211,61.2158,76.5,14,0,2.08
518,Bokoro,TD,2021-05-29 22:15:02,12.3807,17.0568,94.98,14,12,6.17
519,Cabedelo,BR,2021-05-29 22:15:04,-6.9811,-34.8339,77.67,77,5,12.19
520,Vytegra,RU,2021-05-29 22:15:05,61.0064,36.4481,35.85,77,24,5.79
521,Saurimo,AO,2021-05-29 22:15:05,-9.6608,20.3916,61.66,41,100,5.1
522,Kalianget,ID,2021-05-29 22:15:05,-7.05,113.9333,79.48,81,100,1.59
523,Coolum Beach,AU,2021-05-29 22:15:06,-26.5333,153.1,61.11,67,100,9.37
524,Kichera,RU,2021-05-29 22:15:06,55.9375,110.0997,39.25,80,100,1.54
525,Fort Nelson,CA,2021-05-29 22:15:06,58.8053,-122.7002,68.0,27,92,5.26
526,Doha,QA,2021-05-29 22:15:07,25.2867,51.5333,91.38,31,0,3.44
527,Ukwa,IN,2021-05-29 22:15:07,21.9667,80.4667,84.43,41,82,1.34
528,Erenhot,CN,2021-05-29 22:15:07,43.6475,111.9767,52.61,63,0,7.94
529,Kozhva,RU,2021-05-29 22:15:08,65.1073,57.0459,38.48,84,100,4.45
530,Srikakulam,IN,2021-05-29 22:15:08,18.3,83.9,83.52,60,72,1.41
531,Bloemfontein,ZA,2021-05-29 22:12:46,-29.1211,26.214,44.37,48,64,5.46
532,Paamiut,GL,2021-05-29 22:15:09,61.994,-49.6678,33.82,100,100,8.63
533,Longhua,CN,2021-05-29 22:15:09,23.6137,114.1919,78.85,96,100,1.97
534,Hay River,CA,2021-05-29 22:15:11,60.8156,-115.7999,55.6,49,81,7.14
535,Lake Havasu City,US,2021-05-29 22:15:11,34.4839,-114.3224,101.07,6,1,4.0
536,Bichura,RU,2021-05-29 22:15:11,50.5881,107.6022,42.89,74,100,1.61
537,Oussouye,SN,2021-05-29 22:15:12,12.485,-16.5469,77.18,68,33,12.46
538,Ekhabi,RU,2021-05-29 22:15:12,53.5102,142.9671,37.13,89,100,14.7
539,Kailua,US,2021-05-29 22:15:12,21.4022,-157.7394,83.61,68,75,9.22
540,Taltal,CL,2021-05-29 22:15:13,-25.4,-70.4833,64.31,76,23,4.88
541,Newport,GB,2021-05-29 22:14:48,51.5877,-2.9984,60.91,82,44,7.76
542,Longfeng,CN,2021-05-29 22:15:13,46.55,125.1167,60.3,54,58,4.79
543,Northam,GB,2021-05-29 22:15:14,51.0333,-4.2167,60.3,76,31,5.93
544,Voineasa,RO,2021-05-29 22:15:14,44.2833,24.1333,59.36,72,0,12.19
545,Pacific Grove,US,2021-05-29 22:14:24,36.6177,-121.9166,80.06,82,90,5.99
546,Gravdal,NO,2021-05-29 22:15:14,68.1214,13.5031,43.61,74,100,8.75
547,Zagora,MA,2021-05-29 22:15:15,30.3484,-5.8365,87.64,17,100,9.78
548,Berlevag,NO,2021-05-29 22:15:15,70.8578,29.0864,40.41,92,100,14.34
549,Joao Camara,BR,2021-05-29 22:15:15,-5.5375,-35.8197,78.04,76,2,11.16
550,Iguape,BR,2021-05-29 22:15:16,-24.7081,-47.5553,72.41,88,32,3.51
551,Pag,HR,2021-05-29 22:15:16,44.445,15.0575,63.18,74,99,23.04
552,Christchurch,NZ,2021-05-29 22:15:10,-43.5333,172.6333,54.03,93,75,3.0
553,Nesna,NO,2021-05-29 22:15:17,66.1967,13.0213,46.58,89,46,1.54
554,Si Satchanalai,TH,2021-05-29 22:15:17,17.5169,99.7598,80.69,90,100,3.91
555,Westport,US,2021-05-29 22:15:17,41.1415,-73.3579,50.81,89,90,5.99
